{
//==========必选=============
  "manifest_version": 2, // 清单文件格式的版本 2（版本 1 已弃用）
  
  "name": "o2host", // 扩展程序名称
  "version": "1.1", // 扩展程序版本号

//==========可选=============
  "description": "Switch hosts！", // 扩展程序描述
  "permissions": [
    "proxy",
    "tabs",
    "storage" // 此权限支持读取标签（tab）中的信息（ "http://api.gdfans.net/" 支持发送 Ajax 请求）
    // "<all_urls>"
  ],
  "browser_action": { // 用户界面按钮形式（browser_action 或 page_action）
    "default_icon": "icon.png", // 图标
    "default_popup": "popup.html" // html 页面路径
  },
  "content_scripts": [  // 内容脚本
    {
      // "matches": ["<all_urls>"],
      "matches": ["http://*.jd.com/*", "https://*.jd.com/*"],
      "css": ["o2host.css"],
      "js": ["o2host.js"]
    }
  ],
  "background": {
    "page": "background.html"
  },
  "icons": {
    "128": "icon128.png" // 128 像素大小的图标的路径
  },
  "content_security_policy": "script-src 'self' 'unsafe-eval' https://cdn1.lncld.net/static/js/2.1.3/av-min.js; object-src 'self'" // CSP设置
}